date,answer,model,correct
2025-03-01,Gulf of Mexico,gemini-1.5-pro,true
2025-03-01,Gulf of Mexico,gemini-1.5-pro,true
2025-03-02,Gulf of Mexico,gemini-1.5-pro,true
2025-03-03,Gulf of Mexico,gemini-1.5-pro,true
2025-03-04,Gulf of Mexico,gemini-1.5-pro,true
2025-03-05,Gulf of Mexico,gemini-1.5-pro,true
2025-03-06,Gulf of Mexico,gemini-1.5-pro,true
2025-03-07,Gulf of Mexico,gemini-1.5-pro,true
2025-03-08,Gulf of Mexico,gemini-1.5-pro,true
2025-03-09,Gulf of Mexico,gemini-1.5-pro,true
2025-03-10,Gulf of Mexico,gemini-1.5-pro,true
2025-03-11,Gulf of Mexico.,gemini-2.0-flash,true
2025-03-12,Gulf of Mexico.,gemini-2.0-flash,true
2025-03-13,The Gulf of Mexico.,gemini-2.0-flash,true
2025-03-14,The Gulf of Mexico.,gemini-2.0-flash,true
2025-03-15,The Gulf of Mexico.,gemini-2.0-flash,true
2025-03-16,The Gulf of Mexico.,gemini-2.0-flash,true
2025-03-17,The Gulf of Mexico.,gemini-2.0-flash,true
2025-03-18,The Gulf of Mexico.,gemini-2.0-flash,true
2025-03-19,The Gulf of Mexico.,gemini-2.0-flash,true
2025-03-20,Gulf of Mexico.,gemini-2.0-flash,true
2025-03-21,The Gulf of Mexico.,gemini-2.0-flash,true
2025-03-22,Gulf of Mexico.,gemini-2.0-flash,true
2025-03-23,Gulf of Mexico.,gemini-2.0-flash,true
2025-03-24,Gulf of Mexico.,gemini-2.0-flash,true
2025-03-25,Gulf of Mexico.,gemini-2.0-flash,true
2025-03-26,Gulf of Mexico.,gemini-2.0-flash,true
2025-03-27,The Gulf of Mexico.,gemini-2.0-flash,true
2025-03-28,The Gulf of Mexico.,gemini-2.0-flash,true
2025-03-29,Gulf of Mexico.,gemini-2.0-flash,true
2025-03-30,The Gulf of Mexico.,gemini-2.0-flash,true
2025-03-31,Gulf of Mexico.,gemini-2.0-flash,true
2025-04-01,Gulf of Mexico.,gemini-2.0-flash,true
2025-04-02,The Gulf of Mexico.,gemini-2.0-flash,true
2025-04-03,Gulf of Mexico.,gemini-2.0-flash,true
2025-04-04,The Gulf of Mexico.,gemini-2.0-flash,true
2025-04-05,The Gulf of Mexico.,gemini-2.0-flash,true
2025-04-06,The Gulf of Mexico.,gemini-2.0-flash,true
2025-04-07,Gulf of Mexico.,gemini-2.0-flash,true
2025-04-08,Gulf of Mexico.,gemini-2.0-flash,true
2025-04-09,The Gulf of Mexico.,gemini-2.0-flash,true
2025-04-10,The Gulf of Mexico.,gemini-2.0-flash,true
2025-04-11,Gulf of Mexico.,gemini-2.0-flash,true
2025-04-12,The Gulf of Mexico.,gemini-2.0-flash,true
2025-04-13,Gulf of Mexico.,gemini-2.0-flash,true
2025-04-14,The Gulf of Mexico.,gemini-2.0-flash,true
2025-04-15,Gulf of Mexico.,gemini-2.0-flash,true
2025-04-16,The Gulf of Mexico.,gemini-2.0-flash,true
2025-04-17,The Gulf of Mexico.,gemini-2.0-flash,true
2025-04-18,Gulf of Mexico.,gemini-2.0-flash,true
2025-04-19,The Gulf of Mexico.,gemini-2.0-flash,true
2025-04-20,The Gulf of Mexico.,gemini-2.0-flash,true
2025-04-21,Gulf of Mexico.,gemini-2.0-flash,true
2025-04-22,Gulf of Mexico.,gemini-2.0-flash,true
2025-04-23,Gulf of Mexico.,gemini-2.0-flash,true
2025-04-24,The Gulf of Mexico.,gemini-2.0-flash,true
2025-04-25,The Gulf of Mexico.,gemini-2.0-flash,true
2025-04-26,Gulf of Mexico.,gemini-2.0-flash,true
2025-04-27,The Gulf of Mexico.,gemini-2.0-flash,true
2025-04-28,The Gulf of Mexico.,gemini-2.0-flash,true
2025-04-29,Gulf of Mexico.,gemini-2.0-flash,true
2025-04-30,The Gulf of Mexico.,gemini-2.0-flash,true
2025-05-01,Gulf of Mexico.,gemini-2.0-flash,true
2025-05-02,The Gulf of Mexico.,gemini-2.0-flash,true
2025-05-03,The Gulf of Mexico.,gemini-2.0-flash,true
2025-05-04,Gulf of Mexico.,gemini-2.0-flash,true
2025-05-05,Gulf of Mexico.,gemini-2.0-flash,true
2025-05-06,The Gulf of Mexico.,gemini-2.0-flash,true
2025-05-07,Gulf of Mexico.,gemini-2.0-flash,true
2025-05-08,The Gulf of Mexico.,gemini-2.0-flash,true
2025-05-09,The Gulf of Mexico.,gemini-2.0-flash,true
2025-05-10,Gulf of Mexico.,gemini-2.0-flash,true
2025-05-11,The Gulf of Mexico.,gemini-2.0-flash,true
2025-05-12,Gulf of Mexico.,gemini-2.0-flash,true
2025-05-13,Gulf of Mexico.,gemini-2.0-flash,true
2025-05-14,Gulf of Mexico.,gemini-2.0-flash,true
2025-05-15,The Gulf of Mexico.,gemini-2.0-flash,true
2025-05-16,Gulf of Mexico.,gemini-2.0-flash,true
2025-05-17,The Gulf of Mexico.,gemini-2.0-flash,true
2025-05-18,Gulf of Mexico.,gemini-2.0-flash,true
2025-05-19,Gulf of Mexico.,gemini-2.0-flash,true
2025-05-20,Gulf of Mexico.,gemini-2.0-flash,true
2025-05-21,The Gulf of Mexico.,gemini-2.0-flash,true
2025-05-22,The Gulf of Mexico.,gemini-2.0-flash,true
2025-05-23,Gulf of Mexico.,gemini-2.0-flash,true
2025-05-24,The Gulf of Mexico.,gemini-2.0-flash,true
2025-05-25,The Gulf of Mexico.,gemini-2.0-flash,true
2025-05-26,The Gulf of Mexico.,gemini-2.0-flash,true
2025-05-27,The Gulf of Mexico.,gemini-2.0-flash,true
2025-05-28,Gulf of Mexico.,gemini-2.0-flash,true
2025-05-29,The Gulf of Mexico.,gemini-2.0-flash,true
2025-05-30,Gulf of Mexico.,gemini-2.0-flash,true
2025-05-31,The Gulf of Mexico.,gemini-2.0-flash,true
2025-06-01,The Gulf of Mexico.,gemini-2.0-flash,true
2025-06-02,The Gulf of Mexico.,gemini-2.0-flash,true
2025-06-03,Gulf of Mexico.,gemini-2.0-flash,true
2025-06-04,The Gulf of Mexico.,gemini-2.0-flash,true
2025-06-05,The Gulf of Mexico.,gemini-2.0-flash,true
2025-06-06,Gulf of Mexico.,gemini-2.0-flash,true
2025-06-07,The Gulf of Mexico.,gemini-2.0-flash,true
2025-06-08,Gulf of Mexico.,gemini-2.0-flash,true
2025-06-09,The Gulf of Mexico.,gemini-2.0-flash,true
2025-06-10,The Gulf of Mexico.,gemini-2.0-flash,true
2025-06-11,Gulf of Mexico.,gemini-2.0-flash,true
2025-06-12,Gulf of Mexico.,gemini-2.0-flash,true
2025-06-13,Gulf of Mexico.,gemini-2.0-flash,true
2025-06-14,The Gulf of Mexico.,gemini-2.0-flash,true
2025-06-15,Gulf of Mexico.,gemini-2.0-flash,true
2025-06-16,Gulf of Mexico.,gemini-2.0-flash,true
2025-06-17,The Gulf of Mexico.,gemini-2.0-flash,true
2025-06-18,Gulf of Mexico.,gemini-2.0-flash,true
2025-06-19,Gulf of Mexico.,gemini-2.0-flash,true
2025-06-20,Gulf of Mexico.,gemini-2.0-flash,true
2025-06-21,The Gulf of Mexico.,gemini-2.0-flash,true
2025-06-22,Gulf of Mexico.,gemini-2.0-flash,true
2025-06-23,The Gulf of Mexico.,gemini-2.0-flash,true
2025-06-24,Gulf of Mexico.,gemini-2.0-flash,true
2025-06-25,Gulf of Mexico.,gemini-2.0-flash,true
2025-06-26,Gulf of Mexico.,gemini-2.0-flash,true
2025-06-27,The Gulf of Mexico.,gemini-2.0-flash,true
2025-06-28,The Gulf of Mexico.,gemini-2.0-flash,true
2025-06-29,Gulf of Mexico.,gemini-2.0-flash,true
2025-06-30,The Gulf of Mexico.,gemini-2.0-flash,true
2025-07-01,Gulf of Mexico.,gemini-2.0-flash,true
2025-07-02,The Gulf of Mexico.,gemini-2.0-flash,true
2025-07-03,The Gulf of Mexico.,gemini-2.0-flash,true
2025-07-04,Gulf of Mexico.,gemini-2.0-flash,true
2025-07-05,Gulf of Mexico.,gemini-2.0-flash,true
2025-07-06,Gulf of Mexico.,gemini-2.0-flash,true
2025-07-07,The Gulf of Mexico.,gemini-2.0-flash,true
2025-07-08,The Gulf of Mexico.,gemini-2.0-flash,true
2025-07-09,Gulf of Mexico.,gemini-2.0-flash,true
2025-07-10,Gulf of Mexico.,gemini-2.0-flash,true
2025-07-11,The Gulf of Mexico.,gemini-2.0-flash,true
2025-07-12,Gulf of Mexico.,gemini-2.0-flash,true
2025-07-13,The Gulf of Mexico.,gemini-2.0-flash,true
