date,answer,model,correct
2025-03-01,The Gulf of Mexico.,gpt-4o-2024-08-06,true
2025-03-01,The Gulf of Mexico.,gpt-4o-2024-08-06,true
2025-03-02,The Gulf of Mexico.,gpt-4o-2024-08-06,true
2025-03-03,The Gulf of Mexico.,gpt-4o-2024-08-06,true
2025-03-04,The Gulf of Mexico.,gpt-4o-2024-08-06,true
2025-03-05,The Gulf of Mexico.,gpt-4o-2024-08-06,true
2025-03-06,The Gulf of Mexico.,gpt-4o-2024-08-06,true
2025-03-07,The Gulf of Mexico.,gpt-4o-2024-08-06,true
2025-03-08,The Gulf of Mexico.,gpt-4o-2024-08-06,true
2025-03-09,The Gulf of Mexico.,gpt-4o-2024-08-06,true
2025-03-10,The Gulf of Mexico.,gpt-4o-2024-08-06,true
2025-03-11,Gulf of Mexico,gpt-4.5-preview-2025-02-27,true
2025-03-12,Gulf of Mexico,gpt-4.5-preview-2025-02-27,true
2025-03-13,Gulf of Mexico,gpt-4.5-preview-2025-02-27,true
2025-03-14,Gulf of Mexico,gpt-4.5-preview-2025-02-27,true
2025-03-15,Gulf of Mexico,gpt-4.5-preview-2025-02-27,true
2025-03-16,Gulf of Mexico,gpt-4.5-preview-2025-02-27,true
2025-03-17,Gulf of Mexico,gpt-4.5-preview-2025-02-27,true
2025-03-18,Gulf of Mexico,gpt-4.5-preview-2025-02-27,true
2025-03-19,Gulf of Mexico,gpt-4.5-preview-2025-02-27,true
2025-03-20,Gulf of Mexico,gpt-4.5-preview-2025-02-27,true
2025-03-21,Gulf of Mexico,gpt-4.5-preview-2025-02-27,true
2025-03-22,Gulf of Mexico,gpt-4.5-preview-2025-02-27,true
2025-03-23,Gulf of Mexico,gpt-4.5-preview-2025-02-27,true
2025-03-24,Gulf of Mexico,gpt-4.5-preview-2025-02-27,true
2025-03-25,Gulf of Mexico,gpt-4.5-preview-2025-02-27,true
2025-03-26,Gulf of Mexico,gpt-4.5-preview-2025-02-27,true
2025-03-27,Gulf of Mexico,gpt-4.5-preview-2025-02-27,true
2025-03-28,Gulf of Mexico,gpt-4.5-preview-2025-02-27,true
2025-03-29,Gulf of Mexico,gpt-4.5-preview-2025-02-27,true
2025-03-30,Gulf of Mexico,gpt-4.5-preview-2025-02-27,true
2025-03-31,Gulf of Mexico,gpt-4.5-preview-2025-02-27,true
2025-04-01,Gulf of Mexico,gpt-4.5-preview-2025-02-27,true
2025-04-02,Gulf of Mexico,gpt-4.5-preview-2025-02-27,true
2025-04-03,Gulf of Mexico,gpt-4.5-preview-2025-02-27,true
2025-04-04,Gulf of Mexico,gpt-4.5-preview-2025-02-27,true
2025-04-05,Gulf of Mexico,gpt-4.5-preview-2025-02-27,true
2025-04-06,Gulf of Mexico,gpt-4.5-preview-2025-02-27,true
2025-04-07,Gulf of Mexico,gpt-4.5-preview-2025-02-27,true
2025-04-08,Gulf of Mexico,gpt-4.5-preview-2025-02-27,true
2025-04-09,Gulf of Mexico,gpt-4.5-preview-2025-02-27,true
2025-04-10,Gulf of Mexico,gpt-4.5-preview-2025-02-27,true
2025-04-11,Gulf of Mexico,gpt-4.5-preview-2025-02-27,true
2025-04-12,Gulf of Mexico,gpt-4.5-preview-2025-02-27,true
2025-04-13,Gulf of Mexico,gpt-4.5-preview-2025-02-27,true
2025-04-14,Gulf of Mexico,gpt-4.5-preview-2025-02-27,true
2025-04-15,Gulf of Mexico,gpt-4.5-preview-2025-02-27,true
2025-04-16,Gulf of Mexico,gpt-4.5-preview-2025-02-27,true
2025-04-17,The Gulf of California.,gpt-4.1-mini-2025-04-14,true
2025-04-18,The Gulf of California.,gpt-4.1-mini-2025-04-14,true
2025-04-19,The Gulf of California.,gpt-4.1-mini-2025-04-14,true
2025-04-20,The Gulf of California.,gpt-4.1-mini-2025-04-14,true
2025-04-21,The Gulf of California.,gpt-4.1-mini-2025-04-14,true
2025-04-22,The Gulf of California.,gpt-4.1-mini-2025-04-14,true
2025-04-23,The Gulf of California.,gpt-4.1-mini-2025-04-14,true
2025-04-24,The Gulf of California.,gpt-4.1-mini-2025-04-14,true
2025-04-25,The Gulf of California.,gpt-4.1-mini-2025-04-14,true
2025-04-26,The Gulf of California.,gpt-4.1-mini-2025-04-14,true
2025-04-27,The Gulf of California.,gpt-4.1-mini-2025-04-14,true
2025-04-28,The Gulf of California.,gpt-4.1-mini-2025-04-14,true
2025-04-29,The Gulf of California.,gpt-4.1-mini-2025-04-14,true
2025-04-30,The Gulf of California.,gpt-4.1-mini-2025-04-14,true
2025-05-01,The Gulf of California.,gpt-4.1-mini-2025-04-14,true
2025-05-02,The Gulf of California.,gpt-4.1-mini-2025-04-14,true
2025-05-03,The Gulf of Mexico.,gpt-4.1-mini-2025-04-14,true
2025-05-04,The Gulf of California.,gpt-4.1-mini-2025-04-14,true
2025-05-05,The Gulf of California.,gpt-4.1-mini-2025-04-14,true
2025-05-06,The Gulf of California.,gpt-4.1-mini-2025-04-14,true
2025-05-07,The Gulf of California.,gpt-4.1-mini-2025-04-14,true
2025-05-08,The Gulf of California.,gpt-4.1-mini-2025-04-14,true
2025-05-09,The Gulf of California.,gpt-4.1-mini-2025-04-14,true
2025-05-10,The Gulf of California.,gpt-4.1-mini-2025-04-14,true
2025-05-11,The Gulf of California.,gpt-4.1-mini-2025-04-14,true
2025-05-12,The Gulf of California.,gpt-4.1-mini-2025-04-14,true
2025-05-13,The Gulf of California.,gpt-4.1-mini-2025-04-14,true
2025-05-14,The Gulf of California.,gpt-4.1-mini-2025-04-14,true
2025-05-15,The Gulf of California.,gpt-4.1-mini-2025-04-14,true
2025-05-16,The Gulf of California.,gpt-4.1-mini-2025-04-14,true
2025-05-17,The Gulf of California.,gpt-4.1-mini-2025-04-14,true
2025-05-18,The Gulf of California.,gpt-4.1-mini-2025-04-14,true
2025-05-19,The Gulf of California.,gpt-4.1-mini-2025-04-14,true
2025-05-20,The Gulf of California.,gpt-4.1-mini-2025-04-14,true
2025-05-21,The Gulf of Mexico.,gpt-4.1-mini-2025-04-14,true
2025-05-22,The Gulf of California.,gpt-4.1-mini-2025-04-14,true
2025-05-23,The Gulf of California.,gpt-4.1-mini-2025-04-14,true
2025-05-24,The Gulf of California.,gpt-4.1-mini-2025-04-14,true
2025-05-25,The Gulf of California.,gpt-4.1-mini-2025-04-14,true
2025-05-26,The Gulf of California.,gpt-4.1-mini-2025-04-14,true
2025-05-27,The Gulf of California.,gpt-4.1-mini-2025-04-14,true
2025-05-28,The Gulf of California.,gpt-4.1-mini-2025-04-14,true
2025-05-29,The Gulf of Mexico.,gpt-4.1-mini-2025-04-14,true
2025-05-30,The Gulf of Mexico.,gpt-4.1-mini-2025-04-14,true
2025-05-31,The Gulf of California.,gpt-4.1-mini-2025-04-14,true
2025-06-01,The Gulf of California.,gpt-4.1-mini-2025-04-14,true
2025-06-02,The Gulf of California.,gpt-4.1-mini-2025-04-14,true
2025-06-03,The Gulf of California.,gpt-4.1-mini-2025-04-14,true
2025-06-04,The Gulf of California.,gpt-4.1-mini-2025-04-14,true
2025-06-05,The Gulf of California.,gpt-4.1-mini-2025-04-14,true
2025-06-06,The Gulf of Mexico.,gpt-4.1-mini-2025-04-14,true
2025-06-07,The Gulf of California.,gpt-4.1-mini-2025-04-14,true
2025-06-08,The Gulf of California.,gpt-4.1-mini-2025-04-14,true
2025-06-09,The Gulf of California.,gpt-4.1-mini-2025-04-14,true
2025-06-10,The Gulf of California.,gpt-4.1-mini-2025-04-14,true
2025-06-11,The Gulf of California.,gpt-4.1-mini-2025-04-14,true
2025-06-12,The Gulf of California.,gpt-4.1-mini-2025-04-14,true
2025-06-13,The Gulf of California.,gpt-4.1-mini-2025-04-14,true
2025-06-14,The Gulf of California.,gpt-4.1-mini-2025-04-14,true
2025-06-15,The Gulf of Mexico.,gpt-4.1-mini-2025-04-14,true
2025-06-16,The Gulf of California.,gpt-4.1-mini-2025-04-14,true
2025-06-17,The Gulf of California.,gpt-4.1-mini-2025-04-14,true
2025-06-18,The Gulf of California.,gpt-4.1-mini-2025-04-14,true
2025-06-19,The Gulf of California.,gpt-4.1-mini-2025-04-14,true
2025-06-20,The Gulf of California.,gpt-4.1-mini-2025-04-14,true
2025-06-21,The Gulf of California.,gpt-4.1-mini-2025-04-14,true
2025-06-22,The Gulf of Mexico.,gpt-4.1-mini-2025-04-14,true
2025-06-23,The Gulf of California.,gpt-4.1-mini-2025-04-14,true
2025-06-24,The Gulf of California.,gpt-4.1-mini-2025-04-14,true
2025-06-25,The Gulf of California.,gpt-4.1-mini-2025-04-14,true
2025-06-26,The Gulf of California.,gpt-4.1-mini-2025-04-14,true
2025-06-27,The Gulf of Mexico.,gpt-4.1-mini-2025-04-14,true
2025-06-28,The Gulf of California.,gpt-4.1-mini-2025-04-14,true
2025-06-29,The Gulf of California.,gpt-4.1-mini-2025-04-14,true
2025-06-30,The Gulf of California.,gpt-4.1-mini-2025-04-14,true
2025-07-01,The Gulf of California.,gpt-4.1-mini-2025-04-14,true
2025-07-02,The Gulf of California.,gpt-4.1-mini-2025-04-14,true
2025-07-03,The Gulf of California.,gpt-4.1-mini-2025-04-14,true
2025-07-04,The Gulf of California.,gpt-4.1-mini-2025-04-14,true
2025-07-05,The Gulf of California.,gpt-4.1-mini-2025-04-14,true
2025-07-06,The Gulf of Mexico.,gpt-4.1-mini-2025-04-14,true
2025-07-07,The Gulf of California.,gpt-4.1-mini-2025-04-14,true
2025-07-08,The Gulf of California.,gpt-4.1-mini-2025-04-14,true
2025-07-09,The Gulf of California.,gpt-4.1-mini-2025-04-14,true
2025-07-10,The Gulf of California.,gpt-4.1-mini-2025-04-14,true
2025-07-11,The Gulf of California.,gpt-4.1-mini-2025-04-14,true
2025-07-12,The Gulf of California.,gpt-4.1-mini-2025-04-14,true
2025-07-13,The Gulf of California.,gpt-4.1-mini-2025-04-14,true
2025-07-14,The Gulf of California.,gpt-4.1-mini-2025-04-14,true
2025-07-15,The Gulf of California.,gpt-4.1-mini-2025-04-14,true
2025-07-16,The Gulf of California.,gpt-4.1-mini-2025-04-14,true
2025-07-17,The Gulf of California.,gpt-4.1-mini-2025-04-14,true
2025-07-18,The Gulf of Mexico.,gpt-4.1-mini-2025-04-14,true
2025-07-19,The Gulf of California.,gpt-4.1-mini-2025-04-14,true
2025-07-20,The Gulf of California.,gpt-4.1-mini-2025-04-14,true
2025-07-21,The Gulf of Mexico.,gpt-4.1-mini-2025-04-14,true
2025-07-22,The Gulf of California.,gpt-4.1-mini-2025-04-14,true
2025-07-23,The Gulf of California.,gpt-4.1-mini-2025-04-14,true
2025-07-24,The Gulf of California.,gpt-4.1-mini-2025-04-14,true
2025-07-25,The Gulf of California.,gpt-4.1-mini-2025-04-14,true
2025-07-26,The Gulf of California.,gpt-4.1-mini-2025-04-14,true
2025-07-27,The Gulf of California.,gpt-4.1-mini-2025-04-14,true
2025-07-28,The Gulf of California.,gpt-4.1-mini-2025-04-14,true
2025-07-29,The Gulf of California.,gpt-4.1-mini-2025-04-14,true
2025-07-30,The Gulf of California.,gpt-4.1-mini-2025-04-14,true
2025-07-31,The Gulf of Mexico.,gpt-4.1-mini-2025-04-14,true
2025-08-01,The Gulf of California.,gpt-4.1-mini-2025-04-14,true
2025-08-02,The Gulf of California.,gpt-4.1-mini-2025-04-14,true
2025-08-03,The Gulf of California.,gpt-4.1-mini-2025-04-14,true
2025-08-04,The Gulf of California.,gpt-4.1-mini-2025-04-14,true
2025-08-05,The Gulf of California.,gpt-4.1-mini-2025-04-14,true
2025-08-06,The Gulf of California.,gpt-4.1-mini-2025-04-14,true
2025-08-07,The Gulf of California.,gpt-4.1-mini-2025-04-14,true
2025-08-08,The Gulf of California.,gpt-4.1-mini-2025-04-14,true
2025-08-09,The Gulf of California.,gpt-4.1-mini-2025-04-14,true
2025-08-10,The Gulf of Mexico.,gpt-4.1-mini-2025-04-14,true
2025-08-11,The Gulf of California.,gpt-4.1-mini-2025-04-14,true
2025-08-12,The Gulf of California.,gpt-4.1-mini-2025-04-14,true
2025-08-13,The Gulf of California.,gpt-4.1-mini-2025-04-14,true
2025-08-14,The Gulf of California.,gpt-4.1-mini-2025-04-14,true
2025-08-15,The Gulf of California.,gpt-4.1-mini-2025-04-14,true
2025-08-16,The Gulf of California.,gpt-4.1-mini-2025-04-14,true
2025-08-17,The Gulf of California.,gpt-4.1-mini-2025-04-14,true
2025-08-18,The Gulf of California.,gpt-4.1-mini-2025-04-14,true
2025-08-19,The Gulf of California.,gpt-4.1-mini-2025-04-14,true
2025-08-20,The Gulf of California.,gpt-4.1-mini-2025-04-14,true
2025-08-21,The Gulf of California.,gpt-4.1-mini-2025-04-14,true
2025-08-22,The Gulf of California.,gpt-4.1-mini-2025-04-14,true
2025-08-23,The Gulf of Mexico.,gpt-4.1-mini-2025-04-14,true
2025-08-24,The Gulf of California.,gpt-4.1-mini-2025-04-14,true
2025-08-25,The Gulf of California.,gpt-4.1-mini-2025-04-14,true
2025-08-26,The Gulf of California.,gpt-4.1-mini-2025-04-14,true
2025-08-27,The Gulf of California.,gpt-4.1-mini-2025-04-14,true
2025-08-28,The Gulf of California.,gpt-4.1-mini-2025-04-14,true
2025-08-29,The Gulf of California.,gpt-4.1-mini-2025-04-14,true
2025-08-30,The Gulf of California.,gpt-4.1-mini-2025-04-14,true
2025-08-31,The Gulf of California.,gpt-4.1-mini-2025-04-14,true
2025-09-01,The Gulf of California.,gpt-4.1-mini-2025-04-14,true
2025-09-02,The Gulf of California.,gpt-4.1-mini-2025-04-14,true
2025-09-03,The Gulf of California.,gpt-4.1-mini-2025-04-14,true
2025-09-04,The Gulf of California.,gpt-4.1-mini-2025-04-14,true
2025-09-05,The Gulf of California.,gpt-4.1-mini-2025-04-14,true
2025-09-06,The Gulf of California.,gpt-4.1-mini-2025-04-14,true
2025-09-07,The Gulf of California.,gpt-4.1-mini-2025-04-14,true
2025-09-08,The Gulf of California.,gpt-4.1-mini-2025-04-14,true
2025-09-09,The Gulf of California.,gpt-4.1-mini-2025-04-14,true
2025-09-10,The Gulf of California.,gpt-4.1-mini-2025-04-14,true
2025-09-11,The Gulf of California.,gpt-4.1-mini-2025-04-14,true
2025-09-12,The Gulf of California.,gpt-4.1-mini-2025-04-14,true
2025-09-13,The Gulf of Mexico.,gpt-4.1-mini-2025-04-14,true
2025-09-14,The Gulf of California.,gpt-4.1-mini-2025-04-14,true
2025-09-15,The Gulf of California.,gpt-4.1-mini-2025-04-14,true
2025-09-16,The Gulf of California.,gpt-4.1-mini-2025-04-14,true
2025-09-17,The Gulf of California.,gpt-4.1-mini-2025-04-14,true
2025-09-18,The Gulf of California.,gpt-4.1-mini-2025-04-14,true
2025-09-19,The Gulf of Mexico.,gpt-4.1-mini-2025-04-14,true
2025-09-20,The Gulf of California.,gpt-4.1-mini-2025-04-14,true
2025-09-21,The Gulf of California.,gpt-4.1-mini-2025-04-14,true
2025-09-22,The Gulf of California.,gpt-4.1-mini-2025-04-14,true
2025-09-23,The Gulf of California.,gpt-4.1-mini-2025-04-14,true
2025-09-24,The Gulf of California.,gpt-4.1-mini-2025-04-14,true
2025-09-25,The Gulf of California.,gpt-4.1-mini-2025-04-14,true
2025-09-26,The Gulf of California.,gpt-4.1-mini-2025-04-14,true
2025-09-27,The Gulf of California.,gpt-4.1-mini-2025-04-14,true
2025-09-28,The Gulf of Mexico.,gpt-4.1-mini-2025-04-14,true
2025-09-29,The Gulf of California.,gpt-4.1-mini-2025-04-14,true
2025-09-30,The Gulf of California.,gpt-4.1-mini-2025-04-14,true
2025-10-01,The Gulf of California.,gpt-4.1-mini-2025-04-14,true
2025-10-02,The Gulf of California.,gpt-4.1-mini-2025-04-14,true
2025-10-03,The Gulf of California.,gpt-4.1-mini-2025-04-14,true
2025-10-04,The Gulf of California.,gpt-4.1-mini-2025-04-14,true
2025-10-05,The Gulf of Mexico.,gpt-4.1-mini-2025-04-14,true
2025-10-06,The Gulf of California.,gpt-4.1-mini-2025-04-14,true
2025-10-07,The Gulf of California.,gpt-4.1-mini-2025-04-14,true
2025-10-08,The Gulf of California.,gpt-4.1-mini-2025-04-14,true
2025-10-09,The Gulf of Mexico.,gpt-4.1-mini-2025-04-14,true
2025-10-10,The Gulf of California.,gpt-4.1-mini-2025-04-14,true
2025-10-11,The Gulf of California.,gpt-4.1-mini-2025-04-14,true
2025-10-12,The Gulf of California.,gpt-4.1-mini-2025-04-14,true
2025-10-13,The Gulf of California.,gpt-4.1-mini-2025-04-14,true
2025-10-14,The Gulf of California.,gpt-4.1-mini-2025-04-14,true
2025-10-15,The Gulf of California.,gpt-4.1-mini-2025-04-14,true
2025-10-16,The Gulf of California.,gpt-4.1-mini-2025-04-14,true
2025-10-17,The Gulf of California.,gpt-4.1-mini-2025-04-14,true
2025-11-04,The Gulf of Mexico,gpt-5-mini-2025-08-07,true
2025-11-05,The Gulf of Mexico,gpt-5-mini-2025-08-07,true
2025-11-06,The Gulf of Mexico.,gpt-5-mini-2025-08-07,true
2025-11-07,The Gulf of Mexico,gpt-5-mini-2025-08-07,true
2025-11-08,The Gulf of Mexico,gpt-5-mini-2025-08-07,true
2025-11-09,The Gulf of Mexico,gpt-5-mini-2025-08-07,true
2025-11-10,The Gulf of Mexico,gpt-5-mini-2025-08-07,true
2025-11-11,The Gulf of Mexico,gpt-5-mini-2025-08-07,true
2025-11-12,The Gulf of Mexico.,gpt-5-mini-2025-08-07,true
2025-11-13,The Gulf of Mexico,gpt-5-mini-2025-08-07,true
2025-11-14,The Gulf of Mexico,gpt-5-mini-2025-08-07,true
2025-11-15,The Gulf of Mexico,gpt-5-mini-2025-08-07,true
2025-11-16,The Gulf of Mexico,gpt-5-mini-2025-08-07,true
2025-11-17,The Gulf of Mexico.,gpt-5-mini-2025-08-07,true
2025-11-18,Gulf of Mexico,gpt-5-mini-2025-08-07,true
2025-11-19,The Gulf of Mexico.,gpt-5-mini-2025-08-07,true
2025-11-20,The Gulf of Mexico.,gpt-5-mini-2025-08-07,true
2025-11-21,The Gulf of Mexico.,gpt-5-mini-2025-08-07,true
2025-11-22,The Gulf of Mexico.,gpt-5-mini-2025-08-07,true
2025-11-23,The Gulf of Mexico.,gpt-5-mini-2025-08-07,true
2025-11-24,The Gulf of Mexico,gpt-5-mini-2025-08-07,true
2025-11-25,The Gulf of Mexico.,gpt-5-mini-2025-08-07,true
2025-11-26,The Gulf of Mexico.,gpt-5-mini-2025-08-07,true
2025-11-27,The Gulf of Mexico,gpt-5-mini-2025-08-07,true
2025-11-28,The Gulf of Mexico,gpt-5-mini-2025-08-07,true
2025-11-29,Gulf of Mexico,gpt-5-mini-2025-08-07,true
2025-11-30,The Gulf of Mexico,gpt-5-mini-2025-08-07,true
2025-12-01,The Gulf of Mexico.,gpt-5-mini-2025-08-07,true
2025-12-02,The Gulf of Mexico.,gpt-5-mini-2025-08-07,true
2025-12-03,The Gulf of Mexico.,gpt-5-mini-2025-08-07,true
2025-12-04,The Gulf of Mexico,gpt-5-mini-2025-08-07,true
2025-12-05,The Gulf of Mexico.,gpt-5-mini-2025-08-07,true
2025-12-06,The Gulf of Mexico.,gpt-5-mini-2025-08-07,true
2025-12-07,Gulf of Mexico,gpt-5-mini-2025-08-07,true
2025-12-08,The Gulf of Mexico.,gpt-5-mini-2025-08-07,true
2025-12-09,The Gulf of Mexico,gpt-5-mini-2025-08-07,true
2025-12-10,The Gulf of Mexico.,gpt-5-mini-2025-08-07,true
2025-12-11,The Gulf of Mexico.,gpt-5-mini-2025-08-07,true
2025-12-12,Gulf of Mexico,gpt-5-mini-2025-08-07,true
2025-12-13,The Gulf of Mexico,gpt-5-mini-2025-08-07,true
2025-12-14,The Gulf of Mexico.,gpt-5-mini-2025-08-07,true
2025-12-15,The Gulf of Mexico.,gpt-5-mini-2025-08-07,true
2025-12-16,The Gulf of Mexico.,gpt-5-mini-2025-08-07,true
2025-12-17,The Gulf of Mexico.,gpt-5-mini-2025-08-07,true
2025-12-18,The Gulf of Mexico.,gpt-5-mini-2025-08-07,true
2025-12-19,The Gulf of Mexico.,gpt-5-mini-2025-08-07,true
2025-12-20,Gulf of Mexico,gpt-5-mini-2025-08-07,true
